{
  "id": "c09e3ca5-f08a-4717-9c87-3919c5e6d209",
  "queryName": "RDS DB Instance Publicly Accessible",
  "severity": "HIGH",
  "category": "Insecure Configurations",
  "descriptionText": "RDS must not be defined with public interface, which means the field 'publicly_accessible' should not be set to 'true' (default is 'false').",
  "descriptionUrl": "https://docs.ansible.com/ansible/latest/collections/community/aws/rds_instance_module.html#parameter-auto_minor_version_upgrade",
  "platform": "Ansible",
  "descriptionID": "e1b53fb6",
  "cloudProvider": "aws",
  "cwe": ""
}