{
  "id": "559439b2-3e9c-4739-ac46-17e3b24ec215",
  "queryName": "API Gateway Endpoint Config is Not Private",
  "severity": "MEDIUM",
  "category": "Networking and Firewall",
  "descriptionText": "The API Endpoint type in API Gateway should be set to PRIVATE so it's not exposed to the public internet",
  "descriptionUrl": "https://docs.ansible.com/ansible/latest/collections/community/aws/aws_api_gateway_module.html",
  "platform": "Ansible",
  "descriptionID": "42fabc16",
  "cloudProvider": "aws",
  "cwe": ""
}