{
  "$comment": "Automatically generated by scripts/boost/generate-ports.ps1",
  "name": "boost-heap",
  "version": "1.84.0",
  "description": "Boost heap module",
  "homepage": "https://github.com/boostorg/heap",
  "license": "BSL-1.0",
  "dependencies": [
    {
      "name": "boost-array",
      "version>=": "1.84.0"
    },
    {
      "name": "boost-assert",
      "version>=": "1.84.0"
    },
    {
      "name": "boost-bind",
      "version>=": "1.84.0"
    },
    {
      "name": "boost-concept-check",
      "version>=": "1.84.0"
    },
    {
      "name": "boost-config",
      "version>=": "1.84.0"
    },
    {
      "name": "boost-core",
      "version>=": "1.84.0"
    },
    {
      "name": "boost-intrusive",
      "version>=": "1.84.0"
    },
    {
      "name": "boost-iterator",
      "version>=": "1.84.0"
    },
    {
      "name": "boost-parameter",
      "version>=": "1.84.0"
    },
    {
      "name": "boost-static-assert",
      "version>=": "1.84.0"
    },
    {
      "name": "boost-throw-exception",
      "version>=": "1.84.0"
    },
    {
      "name": "boost-type-traits",
      "version>=": "1.84.0"
    },
    {
      "name": "boost-vcpkg-helpers",
      "version>=": "1.84.0"
    }
  ]
}
