{
  "id": "a2fdf451-89dd-451e-af92-bf6c0f4bab96",
  "queryName": "Configuration Aggregator to All Regions Disabled",
  "severity": "MEDIUM",
  "category": "Observability",
  "descriptionText": "AWS Config Configuration Aggregator All Regions must be set to True",
  "descriptionUrl": "https://docs.ansible.com/ansible/latest/collections/community/aws/aws_config_aggregator_module.html#parameter-organization_source",
  "platform": "Ansible",
  "descriptionID": "c6e4ac23",
  "cloudProvider": "aws",
  "cwe": ""
}