{
  "id": "7fdc2bf3-6bc0-4cb3-84c5-cfd041c0f892",
  "queryName": "ECS Task Definition Container With Plaintext Password",
  "severity": "HIGH",
  "category": "Encryption",
  "descriptionText": "It's not recommended to use plaintext environment variables for sensitive information, such as credential data.",
  "descriptionUrl": "https://docs.aws.amazon.com/AmazonECS/latest/developerguide/task_definition_parameters.html#container_definition_environment",
  "platform": "Ansible",
  "descriptionID": "a6c6fa9c",
  "cloudProvider": "aws",
  "cwe": ""
}