{
  "id": "d0c13053-d2c8-44a6-95da-d592996e9e67",
  "queryName": "CloudFront Without Minimum Protocol TLS 1.2",
  "severity": "HIGH",
  "category": "Insecure Configurations",
  "descriptionText": "CloudFront Minimum Protocol version should be at least TLS 1.2",
  "descriptionUrl": "https://docs.ansible.com/ansible/latest/collections/community/aws/cloudfront_distribution_module.html#parameter-viewer_certificate/minimum_protocol_version",
  "platform": "Ansible",
  "descriptionID": "b0a58f2f",
  "cloudProvider": "aws",
  "cwe": ""
}