{
  "id": "e24e18d9-4c2b-4649-b3d0-18c088145e24",
  "queryName": "CloudWatch Without Retention Period Specified",
  "severity": "MEDIUM",
  "category": "Observability",
  "descriptionText": "AWS CloudWatch should have CloudWatch Logs enabled in order to monitor, store, and access log events",
  "descriptionUrl": "https://docs.ansible.com/ansible/latest/collections/community/aws/cloudwatchlogs_log_group_module.html",
  "platform": "Ansible",
  "descriptionID": "c48a227e",
  "cloudProvider": "aws",
  "cwe": ""
}