{
  "id": "d31cb911-bf5b-4eb6-9fc3-16780c77c7bd",
  "queryName": "CloudFront Logging Disabled",
  "severity": "MEDIUM",
  "category": "Observability",
  "descriptionText": "AWS CloudFront distributions should have logging enabled to collect all viewer requests, which means the attribute 'logging' should be defined with 'enabled' set to true",
  "descriptionUrl": "https://docs.ansible.com/ansible/latest/collections/community/aws/cloudfront_distribution_module.html",
  "platform": "Ansible",
  "descriptionID": "1bfc2dfd",
  "cloudProvider": "aws",
  "cwe": ""
}