{
  "id": "6ad087d7-a509-4b20-b853-9ef6f5ebaa98",
  "queryName": "CloudTrail Multi Region Disabled",
  "severity": "MEDIUM",
  "category": "Observability",
  "descriptionText": "CloudTrail multi region should be enabled, which means attribute 'is_multi_region_trail' should be set to true",
  "descriptionUrl": "https://docs.ansible.com/ansible/latest/collections/community/aws/cloudtrail_module.html#parameter-is_multi_region_trail",
  "platform": "Ansible",
  "descriptionID": "8c4873bf",
  "cloudProvider": "aws",
  "cwe": ""
}