{
  "id": "bd77554e-f138-40c5-91b2-2a09f878608e",
  "queryName": "EFS Without KMS",
  "severity": "HIGH",
  "category": "Encryption",
  "descriptionText": "Amazon Elastic Filesystem should have filesystem encryption enabled using KMS CMK customer-managed keys instead of AWS managed-keys",
  "descriptionUrl": "https://docs.ansible.com/ansible/latest/collections/community/aws/efs_module.html#parameter-kms_key_id",
  "platform": "Ansible",
  "descriptionID": "a01870d5",
  "cloudProvider": "aws",
  "cwe": ""
}