{
  "id": "338b6cab-961d-4998-bb49-e5b6a11c9a5c",
  "queryName": "EC2 Not EBS Optimized",
  "severity": "INFO",
  "category": "Best Practices",
  "descriptionText": "It's considered a best practice for an EC2 instance to use an EBS optimized instance. This provides the best performance for your EBS volumes by minimizing contention between Amazon EBS I/O and other traffic from your instance",
  "descriptionUrl": "https://docs.ansible.com/ansible/latest/collections/amazon/aws/ec2_module.html#parameter-ebs_optimized",
  "platform": "Ansible",
  "descriptionID": "a99c1fe0",
  "cloudProvider": "aws",
  "cwe": ""
}