{
  "id": "b25398a2-0625-4e61-8e4d-a1bb23905bf6",
  "queryName": "CDN Configuration Is Missing",
  "severity": "LOW",
  "category": "Best Practices",
  "descriptionText": "Content Delivery Network (CDN) service is used within an AWS account to secure and accelerate the delivery of websites. The use of a CDN can provide a layer of security between your origin content and the destination.",
  "descriptionUrl": "https://docs.ansible.com/ansible/latest/collections/community/aws/cloudfront_distribution_module.html",
  "platform": "Ansible",
  "descriptionID": "c8ae0f38",
  "cloudProvider": "aws",
  "cwe": ""
}