{
  "id": "61d1a2d0-4db8-405a-913d-5d2ce49dff6f",
  "queryName": "Instance With No VPC",
  "severity": "MEDIUM",
  "category": "Insecure Configurations",
  "descriptionText": "EC2 Instances should be configured under a VPC network. AWS VPCs provide the controls to facilitate a formal process for approving and testing all network connections and changes to the firewall and router configurations.",
  "descriptionUrl": "https://docs.ansible.com/ansible/latest/collections/amazon/aws/ec2_module.html",
  "platform": "Ansible",
  "descriptionID": "27754eca",
  "cloudProvider": "aws",
  "cwe": ""
}