{
  "id": "b5ed026d-a772-4f07-97f9-664ba0b116f8",
  "queryName": "IAM Policy Grants Full Permissions",
  "severity": "HIGH",
  "category": "Access Control",
  "descriptionText": "IAM policy should not grant full permissions to resources from the get-go, instead of granting permissions gradually as necessary.",
  "descriptionUrl": "https://docs.ansible.com/ansible/latest/collections/community/aws/iam_managed_policy_module.html",
  "platform": "Ansible",
  "descriptionID": "97b2a82d",
  "cloudProvider": "aws",
  "cwe": ""
}